INSERT INTO CLIENTE VALUES (604310114,'07-07-1996','HYRULE','DIEGO','ALONSO','SOLIS','JIMENEZ','PUNTARENAS','CORREDORES','CORREDOR','1Km CAMINO A RIO BONITO EN BARRIO LA UNION',86442282,1);
INSERT INTO CLIENTE VALUES (704410874,'28-05-1995','AYOMACHI','JOSE','ANDREA','VARGAZ','OZ','CARTAGO','PASILLOS','PASILLO','1Km CAMINO AL CASTILLO DEL MAGO',87565622,1);
INSERT INTO CLIENTE VALUES (604550117,'08-05-1960','NOHEART','HOJA','LATA','HOMBRE','DE','OZZ','OZZY','ORDE','500m SURESTE DEL CAMPO DE MAIZ',30425688,1);
INSERT INTO CLIENTE VALUES (309810454,'15-02-1965','NOBRAIN','ESPANTA','PAJAROS','PAJA','TRAPO','OZZ','OZZY','ORDE','LADO ESTE DEL CAMPO DE MAIZ',56448713,1);

INSERT INTO COMPAÑIA VALUES (1,'Phischel',1);
INSERT INTO COMPAÑIA VALUES (2,'BombaTica',1);

INSERT INTO ROL VALUES (1,'Administrador',1);
INSERT INTO ROL VALUES (2,'Doctor',1);
INSERT INTO ROL VALUES (3,'Miscelaneo',1);

INSERT INTO MEDICAMENTO VALUES ('Acetaminofen','Bayer',0, 300, 1);
INSERT INTO MEDICAMENTO VALUES ('Panadol','Bayer',0, 500, 1);
INSERT INTO MEDICAMENTO VALUES ('Dorival','Bayer',0, 800, 1);
INSERT INTO MEDICAMENTO VALUES ('Anti-Fludes','Bayer',0, 500, 1);
INSERT INTO MEDICAMENTO VALUES ('Gavirol','Bayer',1, 500, 1);

INSERT INTO EMPLEADO VALUES (604310114,'07-07-1996','HYRULE','DIEGO','ALONSO','SOLIS','JIMENEZ','PUNTARENAS','CORREDORES','CORREDOR','1Km CAMINO A RIO BONITO EN BARRIO LA UNION',86442282,1,1,NULL,1);
INSERT INTO EMPLEADO VALUES (704410874,'28-05-1995','AYOMACHI','JOSE','ANDREA','VARGAZ','OZ','CARTAGO','PASILLOS','PASILLO','1Km CAMINO AL CASTILLO DEL MAGO',87565622,2,1,NULL,1);
INSERT INTO EMPLEADO VALUES (604550117,'08-05-1960','NOHEART','HOJA','LATA','HOMBRE','DE','OZZ','OZZY','ORDE','500m SURESTE DEL CAMPO DE MAIZ',30425688,1,2,NULL,1);
INSERT INTO EMPLEADO VALUES (309810454,'15-02-1965','NOBRAIN','ESPANTA','PAJAROS','PAJA','TRAPO','OZZ','OZZY','ORDE','LADO ESTE DEL CAMPO DE MAIZ',56448713,3,2,NULL,1);

INSERT INTO SUCURSAL VALUES (1,604310114,1,'San Pedro','Sucursal para distribución',1);
INSERT INTO SUCURSAL VALUES (2,704410874,1,'Pavas','Sucursal de proximidad',1);
INSERT INTO SUCURSAL VALUES (3,604550117,2,'Neilly','Sucursal para distribución',1);
INSERT INTO SUCURSAL VALUES (4,309810454,2,'Canoas','Sucursal de proximidad',1);


UPDATE EMPLEADO SET IDSucursal = 1 WHERE EMPLEADO.Cedula = 604310114;
UPDATE EMPLEADO SET IDSucursal = 2 WHERE EMPLEADO.Cedula = 704410874;
UPDATE EMPLEADO SET IDSucursal = 3 WHERE EMPLEADO.Cedula = 604550117;
UPDATE EMPLEADO SET IDSucursal = 4 WHERE EMPLEADO.Cedula = 309810454;

INSERT INTO RECETA VALUES (1,704410874,'NO PICTURE',1);


INSERT INTO DESC_PEDIDO VALUES (1,604310114,1,86442282,'15:00','07-07-2017',1,'Nuevo',1);
INSERT INTO DESC_PEDIDO VALUES (2,604310114,2,86442282,'15:00','08-07-2017',8,'Nuevo',1);
INSERT INTO DESC_PEDIDO VALUES (3,604310114,2,86442282,'15:00','08-07-2017',4,'Nuevo',1);
INSERT INTO DESC_PEDIDO VALUES (4,309810454,3,56448713,'15:00','09-07-2017',4,'Nuevo',1);

INSERT INTO CONT_PEDIDO VALUES (1,1,'Gavirol',1,1);
INSERT INTO CONT_PEDIDO VALUES (2,2,'Anti-Fludes',NULL,1);
INSERT INTO CONT_PEDIDO VALUES (3,3,'Dorival',NULL,1);
INSERT INTO CONT_PEDIDO VALUES (4,4,'Panadol',NULL,1);


INSERT INTO PADECIMIENTOS VALUES (1, 604310114,'Dolor de cabeza','28-12-2017', 1);
INSERT INTO PADECIMIENTOS VALUES (2, 604310114,'Mareos','04-01-2017', 1);
INSERT INTO PADECIMIENTOS VALUES (3, 604310114,'Vomito','09-11-2017', 1);
INSERT INTO PADECIMIENTOS VALUES (4, 604310114,'Fatiga Muscular','05-05-2017', 1);
INSERT INTO PADECIMIENTOS VALUES (5, 604310114,'Migrañas','12-03-2017', 1);

INSERT INTO SUC_MEDICAMENTO(NombreMedicamento,IDSucursal,Cantidad,Activo) VALUES ('Gavirol',1,300,1);
INSERT INTO SUC_MEDICAMENTO(NombreMedicamento,IDSucursal,Cantidad,Activo) VALUES ('Anti-Fludes',2,100,1);
INSERT INTO SUC_MEDICAMENTO(NombreMedicamento,IDSucursal,Cantidad,Activo) VALUES ('Dorival',3,500,1);
INSERT INTO SUC_MEDICAMENTO(NombreMedicamento,IDSucursal,Cantidad,Activo) VALUES ('Panadol',4,1000,1);
;